Fund Name,P1,P2,P3,P4,P5,Performance Score,Rank
M1,0.94,0.88,3.8,40.8,11.61,0.47123375880088636,6
M2,0.77,0.59,5.6,45.4,13.09,0.33633254123378137,7
M3,0.8,0.64,7.0,57.7,16.54,0.5217872008890351,5
M4,0.67,0.45,3.1,61.6,16.46,0.6239838869195065,3
M5,0.89,0.79,5.9,67.7,18.82,0.7322985618518595,1
M6,0.66,0.44,6.2,62.1,17.35,0.5354177643750591,4
M7,0.73,0.53,6.6,34.5,10.59,0.09985769514278545,8
M8,0.91,0.83,3.2,55.3,15.06,0.706943829440074,2
